{
  "best_params": {
    "bull_mult": 1.41,
    "bear_mult": 1.39,
    "mr_mult": 1.89,
    "lv_mult": 0.32,
    "hv_mult": 0.19,
    "bo_mult": 0.98,
    "base_fraction": 0.06,
    "max_position": 0.21,
    "stop_loss": 0.06,
    "min_confidence": 0.07,
    "bear_short": 1
  },
  "score": -2.495303890860838,
  "sharpe": 0.17969665801621937,
  "total_return": 0.09500150917214767,
  "excess_return": -0.5709394413786553,
  "trade_win_rate": 0.5925925925925926,
  "profit_factor": 5.032639474453534,
  "total_trades": 27,
  "max_drawdown": -0.008939520096948067
}